Tag,No.Economico,Fecha,Hora,Caseta,Carril,Clase,Importe,Fecha Aplicacion,Hora Aplicacion,Consecar
IMDM27383500..,HH223,28/02/2025,14:02:48,ANE EASYTRIP,MÉX. PA.-CEYLAN,1,$202.00,28/02/2025,12:00:00,36479298
IMDM27383500..,HH223,28/02/2025,13:34:15,ECATEPEC VIAPASS,Piramides-Ecatepec,1,$514.00,28/02/2025,12:00:00,36479298
IMDM27383500..,HH223,28/02/2025,12:58:32,TULANCINGO,TULANCINGO 3,5,$334.00,28/02/2025,12:00:00,36479298
IMDM27383500..,HH223,28/02/2025,11:17:34,AMOZOC-PEROTE,T2-CUAPIAXTLA,1,$179.00,01/03/2025,12:00:00,36488806
IMDM27383500..,HH223,28/02/2025,10:44:58,AMOZOC-PEROTE,T3-CANTONA,1,$382.00,01/03/2025,12:00:00,36488806
IMDM27383500..,HH223,28/02/2025,10:04:11,LAS VIGAS,LAS VIGAS 7,5,$330.00,28/02/2025,12:00:00,36479298
IMDM27383500..,HH223,28/02/2025,09:06:29,MIRADORES,MIRADORES 10,5,$472.00,28/02/2025,12:00:00,36479298
IMDM27383500..,HH223,28/02/2025,08:46:11,PLAN DE RIO,PLAN DE RIO 8,1,$221.00,01/03/2025,12:00:00,36488806
IMDM27383500..,HH223,28/02/2025,08:07:15,LA ANTIGUA,LA ANTIGUA 02,1,$300.00,01/03/2025,12:00:00,36488806
IMDM27383500..,HH223,28/02/2025,00:56:17,PASO DEL TORO,PASO DEL TORO 7,5,$222.00,28/02/2025,12:00:00,36479298
IMDM27383500..,HH223,27/02/2025,23:18:08,COSAMALOAPAN,COSAMALOAPAN 2,5,$512.00,28/02/2025,12:00:00,36474925
IMDM27383500..,HH223,27/02/2025,21:51:33,ACAYUCAN (SAYULA),SAYULA 4,5,$495.00,28/02/2025,12:00:00,36474925
IMDM27383500..,HH223,27/02/2025,12:02:21,ACAYUCAN (SAYULA),ACAYUCAN 7,5,$495.00,27/02/2025,12:00:00,36458655
IMDM27383500..,HH223,27/02/2025,10:36:48,COSAMALOAPAN,COSAMALOAPAN 6,5,$512.00,27/02/2025,12:00:00,36458655
IMDM27383500..,HH223,27/02/2025,08:54:16,PASO DEL TORO,PASO DEL TORO 3,5,$222.00,27/02/2025,12:00:00,36458655
IMDM27383500..,HH223,27/02/2025,08:18:44,LA ANTIGUA,LA ANTIGUA 07,1,$300.00,27/02/2025,12:00:00,36458655
IMDM27383500..,HH223,27/02/2025,07:40:54,PLAN DE RIO,PLAN DEL RÍO 01,1,$221.00,27/02/2025,12:00:00,36458655
IMDM27383500..,HH223,27/02/2025,07:20:59,MIRADORES,MIRADORES 15,5,$472.00,27/02/2025,12:00:00,36458655
IMDM27383500..,HH223,27/02/2025,06:36,LAS VIGAS,LAS VIGAS 2,5,$330.00,27/02/2025,12:00:00,36458655
IMDM27383500..,HH223,27/02/2025,06:02:37,AMOZOC-PEROTE,T3-CANTONA,1,$382.00,27/02/2025,12:00:00,36458655
IMDM27383500..,HH223,27/02/2025,05:16:32,AMOZOC-PEROTE,T2-CUAPIAXTLA,1,$179.00,27/02/2025,12:00:00,36458655
IMDM27383500..,HH223,27/02/2025,04:01:47,SANCTORUM,SANCTURUM 1,5,$334.00,27/02/2025,12:00:00,36458655
IMDM27383500..,HH223,27/02/2025,01:28:45,CTO. EXT. MEXIQUENSE,A4 PACHUCA VÍA 532,1,$56.00,27/02/2025,12:00:00,36458655
IMDM27383500..,HH223,27/02/2025,01:18:52,CTO. EXT. MEXIQUENSE,TULTEPEC,1,$437.00,27/02/2025,12:00:00,36458655
IMDM27383500..,HH223,27/02/2025,01:08:08,CTO. EXT. MEXIQUENSE,T5 TULTITLAN,1,$160.00,27/02/2025,12:00:00,36458655
IMDM27383500..,HH223,26/02/2025,13:05:23,ANE EASYTRIP,MÉX. PA.-CEYLAN,1,$202.00,28/02/2025,12:00:00,36479298
IMDM27383500..,HH223,26/02/2025,12:38:07,ECATEPEC VIAPASS,Piramides-Ecatepec,1,$514.00,26/02/2025,12:00:00,36432264
IMDM27383500..,HH223,26/02/2025,12:01:37,TULANCINGO,TULANCINGO 3,5,$334.00,28/02/2025,12:00:00,36479298
IMDM27383500..,HH223,26/02/2025,10:13:25,AMOZOC-PEROTE,T2-CUAPIAXTLA,1,$179.00,26/02/2025,12:00:00,36432264
IMDM27383500..,HH223,26/02/2025,09:42:58,AMOZOC-PEROTE,T3-CANTONA,1,$382.00,26/02/2025,12:00:00,36432264
IMDM27383500..,HH223,26/02/2025,09:09:34,LAS VIGAS,LAS VIGAS 7,5,$330.00,26/02/2025,12:00:00,36432264
IMDM27383500..,HH223,26/02/2025,08:19:16,MIRADORES,MIRADORES 10,5,$472.00,26/02/2025,12:00:00,36432264
IMDM27383500..,HH223,26/02/2025,08:01:51,PLAN DE RIO,PLAN DE RIO 8,1,$221.00,26/02/2025,12:00:00,36432264
IMDM27383500..,HH223,26/02/2025,07:18:42,LA ANTIGUA,LA ANTIGUA 02,1,$300.00,26/02/2025,12:00:00,36432264
IMDM27383500..,HH223,26/02/2025,02:19:58,PASO DEL TORO,PASO DEL TORO 8,5,$222.00,26/02/2025,12:00:00,36432264
IMDM27383500..,HH223,25/02/2025,22:17:52,COSAMALOAPAN,COSAMALOAPAN 2,5,$512.00,26/02/2025,12:00:00,36427761
IMDM27383500..,HH223,25/02/2025,20:53:12,ACAYUCAN (SAYULA),ACAYUCAN 3,5,$495.00,26/02/2025,12:00:00,36427761
IMDM27383500..,HH223,25/02/2025,12:46:25,ACAYUCAN (SAYULA),SAYULA 6,5,$495.00,25/02/2025,12:00:00,36423391
IMDM27383500..,HH223,25/02/2025,11:18:03,COSAMALOAPAN,COSAMALOAPAN 6,5,$512.00,25/02/2025,12:00:00,36423391
IMDM27383500..,HH223,25/02/2025,09:36:40,PASO DEL TORO,PASO DEL TORO 2,5,$222.00,25/02/2025,12:00:00,36423391
IMDM27383500..,HH223,25/02/2025,07:01:43,LA ANTIGUA,LA ANTIGUA 08,1,$300.00,25/02/2025,12:00:00,36423391
IMDM27383500..,HH223,25/02/2025,06:19:27,PLAN DE RIO,PLAN DEL RÍO 01,1,$221.00,25/02/2025,12:00:00,36423391
IMDM27383500..,HH223,25/02/2025,06:02:08,MIRADORES,MIRADORES 15,5,$472.00,25/02/2025,12:00:00,36423391
IMDM27383500..,HH223,25/02/2025,05:17:56,LAS VIGAS,LAS VIGAS 2,5,$330.00,25/02/2025,12:00:00,36423391
IMDM27383500..,HH223,25/02/2025,04:45:19,AMOZOC-PEROTE,T3-CANTONA,1,$382.00,25/02/2025,12:00:00,36423391
IMDM27383500..,HH223,25/02/2025,04:09:31,AMOZOC-PEROTE,T2-CUAPIAXTLA,1,$179.00,25/02/2025,12:00:00,36423391
IMDM27383500..,HH223,25/02/2025,02:56:21,SANCTORUM,SANCTURUM 1,5,$334.00,25/02/2025,12:00:00,36423391
IMDM27383500..,HH223,25/02/2025,01:44:59,CTO. EXT. MEXIQUENSE,A4 PACHUCA VÍA 532,1,$56.00,25/02/2025,12:00:00,36423391
IMDM27383500..,HH223,25/02/2025,01:44:23,ECATEPEC VIAPASS,ECATEPEC-PIRAMIDES 4,1,$514.00,25/02/2025,12:00:00,36423391
IMDM27383500..,HH223,25/02/2025,01:33:47,CTO. EXT. MEXIQUENSE,TULTEPEC,1,$437.00,25/02/2025,12:00:00,36423391
IMDM27383500..,HH223,25/02/2025,01:23:10,CTO. EXT. MEXIQUENSE,T5 TULTITLAN,1,$160.00,25/02/2025,12:00:00,36423391
IMDM27383500..,HH223,24/02/2025,13:18:17,ANE EASYTRIP,MÉX. PA.-CEYLAN,1,$202.00,24/02/2025,12:00:00,36414763
IMDM27383500..,HH223,24/02/2025,12:51:04,ECATEPEC VIAPASS,Piramides-Ecatepec,1,$514.00,24/02/2025,12:00:00,36414763
IMDM27383500..,HH223,24/02/2025,12:17:38,TULANCINGO,TULANCINGO 3,5,$334.00,24/02/2025,12:00:00,36414763
IMDM27383500..,HH223,24/02/2025,10:42:08,AMOZOC-PEROTE,T2-CUAPIAXTLA,1,$179.00,24/02/2025,12:00:00,36414763
IMDM27383500..,HH223,24/02/2025,10:13:48,AMOZOC-PEROTE,T3-CANTONA,1,$382.00,24/02/2025,12:00:00,36414763
IMDM27383500..,HH223,24/02/2025,09:46:17,LAS VIGAS,LAS VIGAS 7,5,$330.00,24/02/2025,12:00:00,36414763
IMDM27383500..,HH223,24/02/2025,09:07:04,MIRADORES,MIRADORES 10,5,$472.00,24/02/2025,12:00:00,36414763
IMDM27383500..,HH223,24/02/2025,08:47:11,PLAN DE RIO,PLAN DE RIO 7,1,$221.00,24/02/2025,12:00:00,36414763
IMDM27383500..,HH223,24/02/2025,08:10:44,LA ANTIGUA,LA ANTIGUA 02,1,$300.00,24/02/2025,12:00:00,36414763
IMDM27383500..,HH223,23/02/2025,20:18:59,PASO DEL TORO,PASO DEL TORO 8,5,$222.00,24/02/2025,12:00:00,36403006
IMDM27383500..,HH223,23/02/2025,18:40:26,COSAMALOAPAN,COSAMALOAPAN 2,5,$512.00,24/02/2025,12:00:00,36403006
IMDM27383500..,HH223,23/02/2025,17:08:37,ACAYUCAN (SAYULA),ACAYUCAN 3,5,$495.00,23/02/2025,12:00:00,36398390
IMDM27383500..,HH223,23/02/2025,12:49:53,ACAYUCAN (SAYULA),ACAYUCAN 7,5,$495.00,23/02/2025,12:00:00,36398390
IMDM27383500..,HH223,23/02/2025,10:00:02,PASO DEL TORO,PASO DEL TORO 2,5,$222.00,23/02/2025,12:00:00,36398390
IMDM27383500..,HH223,23/02/2025,06:54:22,LA ANTIGUA,LA ANTIGUA 08,1,$300.00,23/02/2025,12:00:00,36398390
IMDM27383500..,HH223,23/02/2025,06:15:18,PLAN DE RIO,PLAN DEL RÍO 01,1,$221.00,23/02/2025,12:00:00,36398390
IMDM27383500..,HH223,23/02/2025,05:58:30,MIRADORES,MIRADORES 15,5,$472.00,23/02/2025,12:00:00,36398390
IMDM27383500..,HH223,23/02/2025,05:15:40,LAS VIGAS,LAS VIGAS 2,5,$330.00,23/02/2025,12:00:00,36398390
IMDM27383500..,HH223,23/02/2025,04:43:28,AMOZOC-PEROTE,T3-CANTONA,1,$382.00,23/02/2025,12:00:00,36398390
IMDM27383500..,HH223,23/02/2025,04:08:28,AMOZOC-PEROTE,T2-CUAPIAXTLA,1,$179.00,23/02/2025,12:00:00,36398390
IMDM27383500..,HH223,23/02/2025,02:58:44,SANCTORUM,SANCTURUM 1,5,$334.00,23/02/2025,12:00:00,36398390
IMDM27383500..,HH223,23/02/2025,01:50:17,CTO. EXT. MEXIQUENSE,A4 PACHUCA VÍA 532,1,$56.00,23/02/2025,12:00:00,36398390
IMDM27383500..,HH223,23/02/2025,01:49:07,ECATEPEC VIAPASS,ECATEPEC-PIRAMIDES 3,1,$514.00,23/02/2025,12:00:00,36398390
IMDM27383500..,HH223,23/02/2025,01:40:03,CTO. EXT. MEXIQUENSE,TULTEPEC,1,$437.00,23/02/2025,12:00:00,36398390
IMDM27383500..,HH223,23/02/2025,01:27:57,CTO. EXT. MEXIQUENSE,T5 TULTITLAN,1,$160.00,23/02/2025,12:00:00,36398390
IMDM27383500..,HH223,22/02/2025,12:01:13,ANE EASYTRIP,MÉX. PA.-CEYLAN,1,$202.00,22/02/2025,12:00:00,36391319
IMDM27383500..,HH223,22/02/2025,11:35:15,ECATEPEC VIAPASS,ECATEPEC-PIRAMIDES11,1,$514.00,22/02/2025,12:00:00,36391319
IMDM27383500..,HH223,22/02/2025,10:58:39,TULANCINGO,TULANCINGO 3,5,$334.00,22/02/2025,12:00:00,36391319
IMDM27383500..,HH223,22/02/2025,09:19:35,AMOZOC-PEROTE,T2-CUAPIAXTLA,1,$179.00,22/02/2025,12:00:00,36391319
IMDM27383500..,HH223,22/02/2025,08:46:25,AMOZOC-PEROTE,T3-CANTONA,1,$382.00,22/02/2025,12:00:00,36391319
IMDM27383500..,HH223,22/02/2025,08:14:39,LAS VIGAS,LAS VIGAS 7,5,$330.00,22/02/2025,12:00:00,36391319
IMDM27383500..,HH223,22/02/2025,07:26:47,MIRADORES,MIRADORES 10,5,$472.00,22/02/2025,12:00:00,36391319
IMDM27383500..,HH223,22/02/2025,07:07:41,PLAN DE RIO,PLAN DE RIO 8,1,$221.00,22/02/2025,12:00:00,36391319
IMDM27383500..,HH223,22/02/2025,00:45:45,PASO DEL TORO,PASO DEL TORO 7,5,$222.00,22/02/2025,12:00:00,36391319
IMDM27383500..,HH223,21/02/2025,23:02:05,COSAMALOAPAN,COSAMALOAPAN 3,5,$512.00,22/02/2025,12:00:00,36387097
IMDM27383500..,HH223,21/02/2025,21:21:14,ACAYUCAN (SAYULA),ACAYUCAN 3,5,$495.00,22/02/2025,12:00:00,36387097
IMDM27383500..,HH223,21/02/2025,11:40:25,ACAYUCAN (SAYULA),ACAYUCAN 7,5,$495.00,21/02/2025,12:00:00,36382715
IMDM27383500..,HH223,21/02/2025,10:16:55,COSAMALOAPAN,COSAMALOAPAN 5,5,$512.00,21/02/2025,12:00:00,36382715
IMDM27383500..,HH223,21/02/2025,08:34:19,PASO DEL TORO,PASO DEL TORO 2,5,$222.00,21/02/2025,12:00:00,36382715
IMDM27383500..,HH223,21/02/2025,08:04:29,LA ANTIGUA,LA ANTIGUA 08,1,$300.00,21/02/2025,12:00:00,36382715
IMDM27383500..,HH223,21/02/2025,07:21:20,PLAN DE RIO,PLAN DEL RÍO 01,1,$221.00,21/02/2025,12:00:00,36382715
IMDM27383500..,HH223,21/02/2025,07:04:46,MIRADORES,MIRADORES 15,5,$472.00,21/02/2025,12:00:00,36382715
IMDM27383500..,HH223,21/02/2025,06:18:04,LAS VIGAS,LAS VIGAS 2,5,$330.00,21/02/2025,12:00:00,36382715
IMDM27383500..,HH223,21/02/2025,05:49:15,AMOZOC-PEROTE,T3-CANTONA,1,$382.00,21/02/2025,12:00:00,36382715
IMDM27383500..,HH223,21/02/2025,05:09:49,AMOZOC-PEROTE,T2-CUAPIAXTLA,1,$179.00,21/02/2025,12:00:00,36382715
IMDM27383500..,HH223,21/02/2025,03:58:50,SANCTORUM,SANCTURUM 1,5,$334.00,21/02/2025,12:00:00,36382715
IMDM27383500..,HH223,21/02/2025,02:46:24,CTO. EXT. MEXIQUENSE,A4 PACHUCA VÍA 532,1,$56.00,21/02/2025,12:00:00,36382715
IMDM27383500..,HH223,21/02/2025,02:45:32,ECATEPEC VIAPASS,ECATEPEC-PIRAMIDES 4,1,$514.00,21/02/2025,12:00:00,36382715
IMDM27383500..,HH223,21/02/2025,02:36:24,CTO. EXT. MEXIQUENSE,TULTEPEC,1,$437.00,21/02/2025,12:00:00,36382715
IMDM27383500..,HH223,21/02/2025,02:24:17,CTO. EXT. MEXIQUENSE,T5 TULTITLAN,1,$160.00,21/02/2025,12:00:00,36382715
IMDM27383500..,HH223,20/02/2025,13:57:52,ANE EASYTRIP,MÉX. PA.-CEYLAN,1,$202.00,20/02/2025,12:00:00,36373470
IMDM27383500..,HH223,20/02/2025,13:30:28,ECATEPEC VIAPASS,ECATEPEC-PIRAMIDES11,1,$514.00,20/02/2025,12:00:00,36373470
IMDM27383500..,HH223,20/02/2025,12:52:27,TULANCINGO,TULANCINGO 3,5,$334.00,20/02/2025,12:00:00,36373470
IMDM27383500..,HH223,20/02/2025,10:12,AMOZOC-PEROTE,T2-CUAPIAXTLA,1,$179.00,20/02/2025,12:00:00,36373470
IMDM27383500..,HH223,20/02/2025,09:39:25,AMOZOC-PEROTE,T3-CANTONA,1,$382.00,20/02/2025,12:00:00,36373470
IMDM27383500..,HH223,20/02/2025,09:08:44,LAS VIGAS,LAS VIGAS 7,5,$330.00,20/02/2025,12:00:00,36373470
IMDM27383500..,HH223,20/02/2025,08:18:44,MIRADORES,MIRADORES 10,5,$472.00,20/02/2025,12:00:00,36373470
IMDM27383500..,HH223,20/02/2025,08:00:52,PLAN DE RIO,PLAN DE RIO 8,1,$221.00,20/02/2025,12:00:00,36373470
IMDM27383500..,HH223,20/02/2025,07:19:13,LA ANTIGUA,LA ANTIGUA 02,1,$300.00,20/02/2025,12:00:00,36373470
IMDM27383500..,HH223,20/02/2025,00:22:38,PASO DEL TORO,PASO DEL TORO 8,5,$222.00,20/02/2025,12:00:00,36373470
IMDM27383500..,HH223,19/02/2025,22:40:48,COSAMALOAPAN,COSAMALOAPAN 2,9,$590.00,20/02/2025,12:00:00,36350333
IMDM27383500..,HH223,19/02/2025,21:17:20,ACAYUCAN (SAYULA),ACAYUCAN 3,5,$495.00,20/02/2025,12:00:00,36350333
IMDM27383500..,HH223,19/02/2025,15:04:11,ACAYUCAN (SAYULA),ACAYUCAN 7,5,$495.00,19/02/2025,12:00:00,36345159
IMDM27383500..,HH223,19/02/2025,13:50:10,COSAMALOAPAN,COSAMALOAPAN 6,5,$512.00,19/02/2025,12:00:00,36345159
IMDM27383500..,HH223,19/02/2025,12:12:03,PASO DEL TORO,PASO DEL TORO 2,5,$222.00,19/02/2025,12:00:00,36345159
IMDM27383500..,HH223,19/02/2025,09:37,LA ANTIGUA,LA ANTIGUA 08,1,$300.00,19/02/2025,12:00:00,36345159
IMDM27383500..,HH223,19/02/2025,08:56,PLAN DE RIO,PLAN DEL RÍO 02,1,$221.00,19/02/2025,12:00:00,36345159
IMDM27383500..,HH223,19/02/2025,08:33:26,MIRADORES,MIRADORES 15,5,$472.00,19/02/2025,12:00:00,36345159
IMDM27383500..,HH223,19/02/2025,07:45:32,LAS VIGAS,LAS VIGAS 2,5,$330.00,19/02/2025,12:00:00,36345159
IMDM27383500..,HH223,19/02/2025,07:13:34,AMOZOC-PEROTE,T3-CANTONA,1,$382.00,19/02/2025,12:00:00,36345159
IMDM27383500..,HH223,19/02/2025,06:36:03,AMOZOC-PEROTE,T2-CUAPIAXTLA,1,$179.00,19/02/2025,12:00:00,36345159
IMDM27383500..,HH223,19/02/2025,05:26:22,SANCTORUM,SANCTURUM 1,5,$334.00,19/02/2025,12:00:00,36345159
IMDM27383500..,HH223,19/02/2025,04:13:02,CTO. EXT. MEXIQUENSE,A4 PACHUCA VÍA 532,1,$56.00,19/02/2025,12:00:00,36345159
IMDM27383500..,HH223,19/02/2025,04:12:16,ECATEPEC VIAPASS,ECATEPEC-PIRAMIDES 4,1,$514.00,19/02/2025,12:00:00,36345159
IMDM27383500..,HH223,19/02/2025,04:03:46,CTO. EXT. MEXIQUENSE,TULTEPEC,1,$437.00,19/02/2025,12:00:00,36345159
IMDM27383500..,HH223,19/02/2025,03:53:56,CTO. EXT. MEXIQUENSE,T5 TULTITLAN,1,$160.00,19/02/2025,12:00:00,36345159
IMDM27383500..,HH223,18/02/2025,19:45:31,ANE EASYTRIP,MÉX. PA.-CEYLAN,1,$202.00,19/02/2025,12:00:00,36345159
IMDM27383500..,HH223,18/02/2025,02:25:33,CTO. EXT. MEXIQUENSE,CONMEX,1,$311.00,18/02/2025,12:00:00,36324255
IMDM27383500..,HH223,18/02/2025,02:13:14,CTO. EXT. MEXIQUENSE,TULTEPEC,1,$437.00,18/02/2025,12:00:00,36324255
IMDM27383500..,HH223,17/02/2025,23:56:35,ATLACOMULCO-LIB QRO,APASEO GDE-PALMILLAS,5,$636.00,18/02/2025,12:00:00,36324255
IMDM27383500..,HH223,17/02/2025,22:16:23,CERRO GORDO,CERRO GORDO 25,5,$212.00,18/02/2025,12:00:00,36319773
IMDM27383500..,HH223,17/02/2025,22:04,MENDOZA,MENDOZA 9,5,$185.00,18/02/2025,12:00:00,36319773
IMDM27383500..,HH223,31/03/2025,21:41:15,ACAYUCAN (SAYULA),ACAYUCAN 3,5,$495.00,01/04/2025,12:00:00,36942086
IMDM27383500..,HH223,31/03/2025,11:53:57,ACAYUCAN (SAYULA),ACAYUCAN 5,5,$495.00,31/03/2025,12:00:00,36937989
IMDM27383500..,HH223,31/03/2025,10:34:46,COSAMALOAPAN,COSAMALOAPAN 5,5,$512.00,31/03/2025,12:00:00,36937989
IMDM27383500..,HH223,31/03/2025,08:38:24,PASO DEL TORO,PASO DEL TORO 2,5,$222.00,31/03/2025,12:00:00,36937989
IMDM27383500..,HH223,31/03/2025,08:06:55,LA ANTIGUA,LA ANTIGUA 08,1,$300.00,31/03/2025,12:00:00,36937989
IMDM27383500..,HH223,31/03/2025,07:31:27,PLAN DE RIO,PLAN DEL RÍO 01,1,$221.00,31/03/2025,12:00:00,36937989
IMDM27383500..,HH223,31/03/2025,07:12:37,MIRADORES,MIRADORES 15,5,$472.00,31/03/2025,12:00:00,36937989
IMDM27383500..,HH223,31/03/2025,06:31:13,LAS VIGAS,LAS VIGAS 2,5,$330.00,31/03/2025,12:00:00,36937989
IMDM27383500..,HH223,31/03/2025,05:58:52,AMOZOC-PEROTE,T3-CANTONA,1,$382.00,31/03/2025,12:00:00,36937989
IMDM27383500..,HH223,31/03/2025,03:11:18,AMOZOC-PEROTE,T2-CUAPIAXTLA,1,$179.00,31/03/2025,12:00:00,36937989
IMDM27383500..,HH223,31/03/2025,01:47:12,SANCTORUM,SANCTURUM 1,5,$334.00,31/03/2025,12:00:00,36937989
IMDM27383500..,HH223,31/03/2025,00:30:45,CTO. EXT. MEXIQUENSE,A4 PACHUCA VÍA 532,1,$56.00,31/03/2025,12:00:00,36937989
IMDM27383500..,HH223,31/03/2025,00:27:55,ECATEPEC VIAPASS,ECATEPEC-PIRAMIDES 3,1,$514.00,31/03/2025,12:00:00,36937989
IMDM27383500..,HH223,31/03/2025,00:20:34,CTO. EXT. MEXIQUENSE,TULTEPEC,1,$437.00,31/03/2025,12:00:00,36937989
IMDM27383500..,HH223,31/03/2025,00:08:49,CTO. EXT. MEXIQUENSE,T5 TULTITLAN,1,$160.00,31/03/2025,12:00:00,36937989
IMDM27383500..,HH223,30/03/2025,13:18:20,ANE EASYTRIP,MÉX. PA.-CEYLAN,1,$202.00,30/03/2025,12:00:00,36915327
IMDM27383500..,HH223,30/03/2025,12:52:53,ECATEPEC VIAPASS,Piramides-Ecatepec,1,$514.00,30/03/2025,12:00:00,36915327
IMDM27383500..,HH223,30/03/2025,12:22:37,TULANCINGO,TULANCINGO 3,5,$334.00,30/03/2025,12:00:00,36915327
IMDM27383500..,HH223,30/03/2025,10:36,AMOZOC-PEROTE,T2-CUAPIAXTLA,1,$179.00,30/03/2025,12:00:00,36915327
IMDM27383500..,HH223,30/03/2025,10:02:22,AMOZOC-PEROTE,T3-CANTONA,1,$382.00,30/03/2025,12:00:00,36915327
IMDM27383500..,HH223,30/03/2025,09:33:24,LAS VIGAS,LAS VIGAS 7,5,$330.00,30/03/2025,12:00:00,36915327
IMDM27383500..,HH223,30/03/2025,08:48:21,MIRADORES,MIRADORES 10,5,$472.00,30/03/2025,12:00:00,36915327
IMDM27383500..,HH223,30/03/2025,08:27:04,PLAN DE RIO,PLAN DE RIO 7,1,$221.00,30/03/2025,12:00:00,36915327
IMDM27383500..,HH223,30/03/2025,07:51:37,LA ANTIGUA,LA ANTIGUA 01,1,$300.00,30/03/2025,12:00:00,36915327
IMDM27383500..,HH223,30/03/2025,05:45:44,PASO DEL TORO,PASO DEL TORO 7,5,$222.00,30/03/2025,12:00:00,36915327
IMDM27383500..,HH223,29/03/2025,22:36:03,COSAMALOAPAN,COSAMALOAPAN 2,5,$512.00,30/03/2025,12:00:00,36911324
IMDM27383500..,HH223,29/03/2025,21:13:10,ACAYUCAN (SAYULA),SAYULA 4,5,$495.00,30/03/2025,12:00:00,36911324
IMDM27383500..,HH223,29/03/2025,12:30:03,ACAYUCAN (SAYULA),SAYULA 6,5,$495.00,30/03/2025,12:00:00,36911324
IMDM27383500..,HH223,29/03/2025,10:58:28,COSAMALOAPAN,COSAMALOAPAN 6,5,$512.00,30/03/2025,12:00:00,36911324
IMDM27383500..,HH223,29/03/2025,09:00:12,PASO DEL TORO,PASO DEL TORO 2,5,$222.00,30/03/2025,12:00:00,36911324
IMDM27383500..,HH223,29/03/2025,08:26:13,LA ANTIGUA,LA ANTIGUA 08,1,$300.00,30/03/2025,12:00:00,36911324
IMDM27383500..,HH223,29/03/2025,07:29:46,MIRADORES,MIRADORES 15,5,$472.00,30/03/2025,12:00:00,36911324
IMDM27383500..,HH223,29/03/2025,06:37:37,LAS VIGAS,LAS VIGAS 2,5,$330.00,30/03/2025,12:00:00,36911324
IMDM27383500..,HH223,29/03/2025,06:05:27,AMOZOC-PEROTE,T3-CANTONA,1,$382.00,30/03/2025,12:00:00,36911324
IMDM27383500..,HH223,29/03/2025,05:23:12,AMOZOC-PEROTE,T2-CUAPIAXTLA,1,$179.00,30/03/2025,12:00:00,36911324
IMDM27383500..,HH223,29/03/2025,03:49:09,SANCTORUM,SANCTURUM 1,5,$334.00,30/03/2025,12:00:00,36911324
IMDM27383500..,HH223,29/03/2025,02:25:50,CTO. EXT. MEXIQUENSE,A4 PACHUCA VÍA 532,1,$56.00,30/03/2025,12:00:00,36911324
IMDM27383500..,HH223,29/03/2025,02:24:13,ECATEPEC VIAPASS,ECATEPEC-PIRAMIDES 3,1,$514.00,30/03/2025,12:00:00,36911324
IMDM27383500..,HH223,29/03/2025,02:15:27,CTO. EXT. MEXIQUENSE,TULTEPEC,1,$437.00,30/03/2025,12:00:00,36911324
IMDM27383500..,HH223,29/03/2025,02:05:01,CTO. EXT. MEXIQUENSE,T5 TULTITLAN,1,$160.00,30/03/2025,12:00:00,36911324
IMDM27383500..,HH223,28/03/2025,13:12:48,ANE EASYTRIP,MÉX. PA.-CEYLAN,1,$202.00,28/03/2025,12:00:00,36901954
IMDM27383500..,HH223,28/03/2025,12:44:07,ECATEPEC VIAPASS,Piramides-Ecatepec,1,$514.00,28/03/2025,12:00:00,36901954
IMDM27383500..,HH223,28/03/2025,12:12:04,TULANCINGO,TULANCINGO 3,5,$334.00,28/03/2025,12:00:00,36901954
IMDM27383500..,HH223,28/03/2025,10:21:48,AMOZOC-PEROTE,T2-CUAPIAXTLA,1,$179.00,28/03/2025,12:00:00,36901954
IMDM27383500..,HH223,28/03/2025,09:48:43,AMOZOC-PEROTE,T3-CANTONA,1,$382.00,28/03/2025,12:00:00,36901954
IMDM27383500..,HH223,28/03/2025,09:18:51,LAS VIGAS,LAS VIGAS 7,5,$330.00,28/03/2025,12:00:00,36901954
IMDM27383500..,HH223,28/03/2025,08:32:18,MIRADORES,MIRADORES 10,5,$472.00,28/03/2025,12:00:00,36901954
IMDM27383500..,HH223,28/03/2025,08:13:58,PLAN DE RIO,PLAN DE RIO 8,1,$221.00,28/03/2025,12:00:00,36901954
IMDM27383500..,HH223,28/03/2025,07:38:39,LA ANTIGUA,LA ANTIGUA 01,1,$300.00,28/03/2025,12:00:00,36901954
IMDM27383500..,HH223,28/03/2025,01:10:42,PASO DEL TORO,PASO DEL TORO 8,5,$222.00,28/03/2025,12:00:00,36901954
IMDM27383500..,HH223,27/03/2025,23:15:27,COSAMALOAPAN,COSAMALOAPAN 3,5,$512.00,28/03/2025,12:00:00,36897396
IMDM27383500..,HH223,27/03/2025,21:52:23,ACAYUCAN (SAYULA),ACAYUCAN 3,5,$495.00,28/03/2025,12:00:00,36897396
IMDM27383500..,HH223,27/03/2025,13:33:31,ACAYUCAN (SAYULA),SAYULA 6,5,$495.00,27/03/2025,12:00:00,36844508
IMDM27383500..,HH223,27/03/2025,12:07:37,COSAMALOAPAN,COSAMALOAPAN 5,5,$512.00,27/03/2025,12:00:00,36844508
IMDM27383500..,HH223,27/03/2025,10:24:01,PASO DEL TORO,PASO DEL TORO 2,5,$222.00,27/03/2025,12:00:00,36844508
IMDM27383500..,HH223,27/03/2025,08:20:52,LA ANTIGUA,LA ANTIGUA 08,1,$300.00,27/03/2025,12:00:00,36844508
IMDM27383500..,HH223,27/03/2025,07:42:43,PLAN DE RIO,PLAN DEL RÍO 01,1,$221.00,27/03/2025,12:00:00,36844508
IMDM27383500..,HH223,27/03/2025,07:26:09,MIRADORES,MIRADORES 15,5,$472.00,27/03/2025,12:00:00,36844508
IMDM27383500..,HH223,27/03/2025,06:40:13,LAS VIGAS,LAS VIGAS 2,5,$330.00,27/03/2025,12:00:00,36844508
IMDM27383500..,HH223,27/03/2025,06:00:33,AMOZOC-PEROTE,T3-CANTONA,1,$382.00,27/03/2025,12:00:00,36844508
IMDM27383500..,HH223,27/03/2025,05:23:48,AMOZOC-PEROTE,T2-CUAPIAXTLA,1,$179.00,27/03/2025,12:00:00,36844508
IMDM27383500..,HH223,27/03/2025,02:49:12,CTO. EXT. MEXIQUENSE,A4 PACHUCA VÍA 532,1,$56.00,27/03/2025,12:00:00,36844508
IMDM27383500..,HH223,27/03/2025,02:47:12,ECATEPEC VIAPASS,ECATEPEC-PIRAMIDES 3,1,$514.00,27/03/2025,12:00:00,36844508
IMDM27383500..,HH223,27/03/2025,02:39:45,CTO. EXT. MEXIQUENSE,TULTEPEC,1,$437.00,27/03/2025,12:00:00,36844508
IMDM27383500..,HH223,27/03/2025,02:28:39,CTO. EXT. MEXIQUENSE,T5 TULTITLAN,1,$160.00,27/03/2025,12:00:00,36844508
IMDM27383500..,HH223,24/03/2025,16:19,ATLACOMULCO-LIB QRO,APASEO GDE-PALMILLAS,5,$636.00,24/03/2025,12:00:00,36816992
IMDM27383500..,HH223,24/03/2025,14:25:38,MENDOZA,MENDOZA 9,5,$185.00,24/03/2025,12:00:00,36816992
IMDM27383500..,HH223,21/03/2025,08:04:34,LEON,LEON 1,5,$411.00,21/03/2025,12:00:00,36781590
IMDM27383500..,HH223,21/03/2025,06:36:20,JALOSTOTITLAN,JALOSTOTITLAN 5,5,$502.00,21/03/2025,12:00:00,36781590
IMDM27383500..,HH223,21/03/2025,05:36:21,TEPATITLAN,TEPATITLAN 7,5,$638.00,21/03/2025,12:00:00,36781590
IMDM27383500..,HH223,20/03/2025,23:32,LIB. SUR DE GUAD.,LIB. SUR DE GUAD. 8,5,$175.00,21/03/2025,12:00:00,36777074
IMDM27383500..,HH223,20/03/2025,22:59:06,TEPATITLAN,TEPATITLAN 2,5,$638.00,21/03/2025,12:00:00,36781590
IMDM27383500..,HH223,20/03/2025,22:24:43,JALOSTOTITLAN,JALOSTOTITLAN 3,5,$502.00,21/03/2025,12:00:00,36777074
IMDM27383500..,HH223,20/03/2025,16:06:53,LEON,LEON 6,5,$411.00,20/03/2025,12:00:00,36772649
IMDM27383500..,HH223,20/03/2025,09:24:37,LEON,LEON 1,5,$411.00,20/03/2025,12:00:00,36772649
IMDM27383500..,HH223,20/03/2025,07:41:48,TEPATITLAN,TEPATITLAN 7,5,$638.00,20/03/2025,12:00:00,36772649
IMDM27383500..,HH223,20/03/2025,06:43:58,LIB. SUR DE GUAD.,LIB. SUR DE GUAD. 3,5,$175.00,20/03/2025,12:00:00,36772649
IMDM27383500..,HH223,19/03/2025,23:31:28,LIB. SUR DE GUAD.,LIB. SUR DE GUAD. 8,5,$175.00,20/03/2025,12:00:00,36756812
IMDM27383500..,HH223,19/03/2025,22:58:24,TEPATITLAN,TEPATITLAN 2,5,$638.00,20/03/2025,12:00:00,36772649
IMDM27383500..,HH223,19/03/2025,16:46:38,LEON,LEON 6,5,$411.00,19/03/2025,12:00:00,36751515
IMDM27383500..,HH223,19/03/2025,10:41:01,LEON,LEON 1,5,$411.00,19/03/2025,12:00:00,36751515
IMDM27383500..,HH223,19/03/2025,09:29:03,JALOSTOTITLAN,JALOSTOTITLAN 5,5,$502.00,19/03/2025,12:00:00,36751515
IMDM27383500..,HH223,19/03/2025,08:52:58,TEPATITLAN,TEPATITLAN 7,5,$638.00,19/03/2025,12:00:00,36751515
IMDM27383500..,HH223,19/03/2025,08:11:32,LIB. SUR DE GUAD.,LIB. SUR DE GUAD. 2,5,$175.00,19/03/2025,12:00:00,36751515
IMDM27383500..,HH223,18/03/2025,22:56:43,LIB. SUR DE GUAD.,LIB. SUR DE GUAD. 8,4,$113.00,19/03/2025,12:00:00,36747034
IMDM27383500..,HH223,18/03/2025,22:25:37,TEPATITLAN,TEPATITLAN 3,4,$368.00,19/03/2025,12:00:00,36747034
IMDM27383500..,HH223,18/03/2025,21:53:42,JALOSTOTITLAN,JALOSTOTITLAN 3,4,$329.00,19/03/2025,12:00:00,36747034
IMDM27383500..,HH223,17/03/2025,10:37:39,LEON,LEON 6,5,$411.00,17/03/2025,12:00:00,36712687
IMDM27383500..,HH223,16/03/2025,02:32:46,JALOSTOTITLAN,JALOSTOTITLAN 5,5,$502.00,16/03/2025,12:00:00,36702071
IMDM27383500..,HH223,16/03/2025,01:18:03,LIB. SUR DE GUAD.,LIB. SUR DE GUAD. 2,5,$175.00,16/03/2025,12:00:00,36702071
IMDM27383500..,HH223,15/03/2025,01:01:41,LIB. SUR DE GUAD.,LIB. SUR DE GUAD. 8,5,$175.00,15/03/2025,12:00:00,36690639
IMDM27383500..,HH223,15/03/2025,00:27:44,TEPATITLAN,TEPATITLAN 2,5,$638.00,15/03/2025,12:00:00,36690639
IMDM27383500..,HH223,14/03/2025,22:55:42,LEON,LEON 6,5,$411.00,15/03/2025,12:00:00,36685889
IMDM27383500..,HH223,12/03/2025,04:54:34,LEON,LEON 6,5,$411.00,12/03/2025,12:00:00,36649003
IMDM27383500..,HH223,12/03/2025,03:19:15,PUERTO INTERIOR,PUERTO INTERIOR 11,5,$282.00,12/03/2025,12:00:00,36649003
IMDM27383500..,HH223,12/03/2025,01:53:03,APASEO EL GRANDE,PALMILLAS-APASEO GDE,5,$636.00,12/03/2025,12:00:00,36649003
IMDM27383500..,HH223,08/03/2025,14:23:36,ANE EASYTRIP,MÉX. PA.-CEYLAN,1,$202.00,13/03/2025,12:00:00,36657316
IMDM27383500..,HH223,08/03/2025,13:49:59,ECATEPEC VIAPASS,Piramides-Ecatepec,1,$514.00,08/03/2025,12:00:00,36583898
IMDM27383500..,HH223,08/03/2025,13:16:17,TULANCINGO,TULANCINGO 3,5,$334.00,08/03/2025,12:00:00,36583898
IMDM27383500..,HH223,08/03/2025,11:37:09,AMOZOC-PEROTE,T2-CUAPIAXTLA,1,$179.00,08/03/2025,12:00:00,36583898
IMDM27383500..,HH223,08/03/2025,11:07:20,AMOZOC-PEROTE,T3-CANTONA,1,$382.00,08/03/2025,12:00:00,36583898
IMDM27383500..,HH223,08/03/2025,10:37:50,LAS VIGAS,LAS VIGAS 7,5,$330.00,08/03/2025,12:00:00,36583898
IMDM27383500..,HH223,08/03/2025,09:54:45,MIRADORES,MIRADORES 10,5,$472.00,08/03/2025,12:00:00,36583898
IMDM27383500..,HH223,08/03/2025,09:37:58,PLAN DE RIO,PLAN DE RIO 7,1,$221.00,08/03/2025,12:00:00,36583898
IMDM27383500..,HH223,08/03/2025,09:00:36,LA ANTIGUA,LA ANTIGUA 01,1,$300.00,08/03/2025,12:00:00,36583898
IMDM27383500..,HH223,08/03/2025,00:20:59,PASO DEL TORO,PASO DEL TORO 8,5,$222.00,08/03/2025,12:00:00,36583898
IMDM27383500..,HH223,07/03/2025,22:34:21,COSAMALOAPAN,COSAMALOAPAN 3,5,$512.00,08/03/2025,12:00:00,36579713
IMDM27383500..,HH223,07/03/2025,21:10:11,ACAYUCAN (SAYULA),ACAYUCAN 3,5,$495.00,08/03/2025,12:00:00,36579713
IMDM27383500..,HH223,07/03/2025,11:55:47,ACAYUCAN (SAYULA),SAYULA 6,5,$495.00,07/03/2025,12:00:00,36571652
IMDM27383500..,HH223,07/03/2025,10:30:30,COSAMALOAPAN,COSAMALOAPAN 6,5,$512.00,07/03/2025,12:00:00,36571652
IMDM27383500..,HH223,07/03/2025,08:50:58,PASO DEL TORO,PASO DEL TORO 3,5,$222.00,07/03/2025,12:00:00,36571652
IMDM27383500..,HH223,07/03/2025,08:20:14,LA ANTIGUA,LA ANTIGUA 08,1,$300.00,07/03/2025,12:00:00,36571652
IMDM27383500..,HH223,07/03/2025,07:38:26,PLAN DE RIO,PLAN DEL RÍO 01,1,$221.00,07/03/2025,12:00:00,36571652
IMDM27383500..,HH223,07/03/2025,07:22:31,MIRADORES,MIRADORES 15,5,$472.00,07/03/2025,12:00:00,36571652
IMDM27383500..,HH223,07/03/2025,06:39:52,LAS VIGAS,LAS VIGAS 2,5,$330.00,07/03/2025,12:00:00,36571652
IMDM27383500..,HH223,07/03/2025,06:06:07,AMOZOC-PEROTE,T3-CANTONA,1,$382.00,07/03/2025,12:00:00,36571652
IMDM27383500..,HH223,07/03/2025,05:23:01,AMOZOC-PEROTE,T2-CUAPIAXTLA,1,$179.00,07/03/2025,12:00:00,36571652
IMDM27383500..,HH223,07/03/2025,04:09:23,SANCTORUM,SANCTURUM 1,5,$334.00,07/03/2025,12:00:00,36571652
IMDM27383500..,HH223,07/03/2025,02:50:08,CTO. EXT. MEXIQUENSE,A4 PACHUCA VÍA 532,1,$56.00,07/03/2025,12:00:00,36571652
IMDM27383500..,HH223,07/03/2025,02:47:59,ECATEPEC VIAPASS,ECATEPEC-PIRAMIDES 3,1,$514.00,07/03/2025,12:00:00,36571652
IMDM27383500..,HH223,07/03/2025,02:37:01,CTO. EXT. MEXIQUENSE,TULTEPEC,1,$437.00,07/03/2025,12:00:00,36571652
IMDM27383500..,HH223,07/03/2025,02:24:30,CTO. EXT. MEXIQUENSE,T5 TULTITLAN,1,$160.00,07/03/2025,12:00:00,36571652
IMDM27383500..,HH223,06/03/2025,14:03:52,ANE EASYTRIP,MÉX. PA.-CEYLAN,1,$202.00,06/03/2025,12:00:00,36545487
IMDM27383500..,HH223,06/03/2025,13:39:34,ECATEPEC VIAPASS,Piramides-Ecatepec,1,$514.00,06/03/2025,12:00:00,36545487
IMDM27383500..,HH223,06/03/2025,13:07:56,TULANCINGO,TULANCINGO 3,5,$334.00,06/03/2025,12:00:00,36545487
IMDM27383500..,HH223,06/03/2025,11:34:43,AMOZOC-PEROTE,T2-CUAPIAXTLA,1,$179.00,06/03/2025,12:00:00,36545487
IMDM27383500..,HH223,06/03/2025,11:05:12,AMOZOC-PEROTE,T3-CANTONA,1,$382.00,06/03/2025,12:00:00,36545487
IMDM27383500..,HH223,06/03/2025,10:36:02,LAS VIGAS,LAS VIGAS 7,5,$330.00,06/03/2025,12:00:00,36545487
IMDM27383500..,HH223,06/03/2025,09:53:15,MIRADORES,MIRADORES 10,5,$472.00,06/03/2025,12:00:00,36545487
IMDM27383500..,HH223,06/03/2025,09:36:51,PLAN DE RIO,PLAN DE RIO 8,1,$104.00,06/03/2025,12:00:00,36545487
IMDM27383500..,HH223,06/03/2025,08:58:35,LA ANTIGUA,LA ANTIGUA 01,1,$300.00,06/03/2025,12:00:00,36545487
IMDM27383500..,HH223,06/03/2025,00:00:03,PASO DEL TORO,PASO DEL TORO 8,5,$222.00,06/03/2025,12:00:00,36545487
IMDM27383500..,HH223,05/03/2025,22:09:49,COSAMALOAPAN,COSAMALOAPAN 3,5,$512.00,06/03/2025,12:00:00,36541065
IMDM27383500..,HH223,05/03/2025,20:54:10,ACAYUCAN (SAYULA),ACAYUCAN 3,5,$495.00,06/03/2025,12:00:00,36541065
IMDM27383500..,HH223,05/03/2025,12:45:39,ACAYUCAN (SAYULA),ACAYUCAN 5,5,$495.00,05/03/2025,12:00:00,36535707
IMDM27383500..,HH223,05/03/2025,11:31:57,COSAMALOAPAN,COSAMALOAPAN 6,5,$512.00,05/03/2025,12:00:00,36535707
IMDM27383500..,HH223,05/03/2025,09:59:09,PASO DEL TORO,PASO DEL TORO 3,5,$222.00,05/03/2025,12:00:00,36535707
IMDM27383500..,HH223,05/03/2025,07:17:53,LA ANTIGUA,LA ANTIGUA 07,1,$300.00,05/03/2025,12:00:00,36535707
IMDM27383500..,HH223,05/03/2025,06:43:07,PLAN DE RIO,PLAN DEL RÍO 01,1,$221.00,05/03/2025,12:00:00,36535707
IMDM27383500..,HH223,05/03/2025,06:26:56,MIRADORES,MIRADORES 15,5,$472.00,05/03/2025,12:00:00,36535707
IMDM27383500..,HH223,05/03/2025,05:45:31,LAS VIGAS,LAS VIGAS 2,5,$330.00,05/03/2025,12:00:00,36535707
IMDM27383500..,HH223,05/03/2025,05:13:46,AMOZOC-PEROTE,T3-CANTONA,1,$382.00,05/03/2025,12:00:00,36535707
IMDM27383500..,HH223,05/03/2025,04:36:38,AMOZOC-PEROTE,T2-CUAPIAXTLA,1,$179.00,05/03/2025,12:00:00,36535707
IMDM27383500..,HH223,05/03/2025,03:24:07,SANCTORUM,SANCTURUM 1,5,$334.00,05/03/2025,12:00:00,36535707
IMDM27383500..,HH223,05/03/2025,02:11:54,CTO. EXT. MEXIQUENSE,A4 PACHUCA VÍA 532,1,$56.00,05/03/2025,12:00:00,36535707
IMDM27383500..,HH223,05/03/2025,02:09:37,ECATEPEC VIAPASS,Ecatepec-Piramides,1,$514.00,05/03/2025,12:00:00,36535707
IMDM27383500..,HH223,05/03/2025,02:02:08,CTO. EXT. MEXIQUENSE,TULTEPEC,1,$437.00,05/03/2025,12:00:00,36535707
IMDM27383500..,HH223,05/03/2025,01:51:19,CTO. EXT. MEXIQUENSE,T5 TULTITLAN,1,$160.00,05/03/2025,12:00:00,36535707
IMDM27383500..,HH223,04/03/2025,14:18:38,ANE EASYTRIP,MÉX. PA.-CEYLAN,1,$202.00,04/03/2025,12:00:00,36513240
IMDM27383500..,HH223,04/03/2025,13:51:38,ECATEPEC VIAPASS,Piramides-Ecatepec,1,$514.00,04/03/2025,12:00:00,36513240
IMDM27383500..,HH223,04/03/2025,13:20:07,TULANCINGO,TULANCINGO 3,5,$334.00,04/03/2025,12:00:00,36513240
IMDM27383500..,HH223,04/03/2025,11:38:57,AMOZOC-PEROTE,T2-CUAPIAXTLA,1,$179.00,04/03/2025,12:00:00,36513240
IMDM27383500..,HH223,04/03/2025,11:08:15,AMOZOC-PEROTE,T3-CANTONA,1,$382.00,04/03/2025,12:00:00,36513240
IMDM27383500..,HH223,04/03/2025,10:35:06,LAS VIGAS,LAS VIGAS 7,5,$330.00,04/03/2025,12:00:00,36513240
IMDM27383500..,HH223,04/03/2025,09:56:22,MIRADORES,MIRADORES 10,5,$472.00,04/03/2025,12:00:00,36513240
IMDM27383500..,HH223,04/03/2025,08:55:17,LA ANTIGUA,LA ANTIGUA 02,1,$300.00,04/03/2025,12:00:00,36513240
IMDM27383500..,HH223,03/03/2025,23:40:48,PASO DEL TORO,PASO DEL TORO 8,5,$222.00,04/03/2025,12:00:00,36508933
IMDM27383500..,HH223,03/03/2025,22:07:50,COSAMALOAPAN,COSAMALOAPAN 3,5,$512.00,04/03/2025,12:00:00,36508933
IMDM27383500..,HH223,03/03/2025,20:53:03,ACAYUCAN (SAYULA),SAYULA 4,5,$495.00,04/03/2025,12:00:00,36508933
IMDM27383500..,HH223,03/03/2025,12:49:24,ACAYUCAN (SAYULA),SAYULA 6,5,$495.00,03/03/2025,12:00:00,36503396
IMDM27383500..,HH223,03/03/2025,11:35:56,COSAMALOAPAN,COSAMALOAPAN 6,5,$512.00,03/03/2025,12:00:00,36503396
IMDM27383500..,HH223,03/03/2025,10:07:07,PASO DEL TORO,PASO DEL TORO 2,5,$222.00,03/03/2025,12:00:00,36503396
IMDM27383500..,HH223,03/03/2025,06:38:14,LA ANTIGUA,LA ANTIGUA 08,1,$300.00,03/03/2025,12:00:00,36503396
IMDM27383500..,HH223,03/03/2025,06:00:07,PLAN DE RIO,PLAN DEL RÍO 02,1,$221.00,03/03/2025,12:00:00,36503396
IMDM27383500..,HH223,03/03/2025,05:45:05,MIRADORES,MIRADORES 15,5,$472.00,03/03/2025,12:00:00,36503396
IMDM27383500..,HH223,03/03/2025,04:58:21,LAS VIGAS,LAS VIGAS 2,5,$330.00,03/03/2025,12:00:00,36503396
IMDM27383500..,HH223,03/03/2025,04:13:43,AMOZOC-PEROTE,T3-CANTONA,1,$382.00,03/03/2025,12:00:00,36503396
IMDM27383500..,HH223,03/03/2025,03:37:03,AMOZOC-PEROTE,T2-CUAPIAXTLA,1,$179.00,03/03/2025,12:00:00,36503396
IMDM27383500..,HH223,03/03/2025,02:23:46,SANCTORUM,SANCTURUM 1,5,$334.00,03/03/2025,12:00:00,36503396
IMDM27383500..,HH223,03/03/2025,01:10:44,CTO. EXT. MEXIQUENSE,A4 PACHUCA VÍA 532,1,$56.00,03/03/2025,12:00:00,36503396
IMDM27383500..,HH223,03/03/2025,01:09:23,ECATEPEC VIAPASS,Ecatepec-Piramides,1,$514.00,03/03/2025,12:00:00,36503396
IMDM27383500..,HH223,03/03/2025,01:01:24,CTO. EXT. MEXIQUENSE,TULTEPEC,1,$437.00,03/03/2025,12:00:00,36503396
IMDM27383500..,HH223,03/03/2025,00:49:33,CTO. EXT. MEXIQUENSE,T5 TULTITLAN,1,$160.00,03/03/2025,12:00:00,36503396
IMDM27383500..,HH223,02/03/2025,13:21:16,ANE EASYTRIP,MÉX. PA.-CEYLAN,1,$202.00,02/03/2025,12:00:00,36495726
IMDM27383500..,HH223,02/03/2025,12:54:01,ECATEPEC VIAPASS,Piramides-Ecatepec,1,$514.00,02/03/2025,12:00:00,36495726
IMDM27383500..,HH223,02/03/2025,12:17:17,TULANCINGO,TULANCINGO 3,5,$334.00,02/03/2025,12:00:00,36495726
IMDM27383500..,HH223,02/03/2025,10:41:46,AMOZOC-PEROTE,T2-CUAPIAXTLA,1,$179.00,02/03/2025,12:00:00,36495726
IMDM27383500..,HH223,02/03/2025,10:13:38,AMOZOC-PEROTE,T3-CANTONA,1,$382.00,02/03/2025,12:00:00,36495726
IMDM27383500..,HH223,02/03/2025,09:44:07,LAS VIGAS,LAS VIGAS 7,5,$330.00,02/03/2025,12:00:00,36495726
IMDM27383500..,HH223,02/03/2025,08:58:53,MIRADORES,MIRADORES 10,5,$472.00,02/03/2025,12:00:00,36495726
IMDM27383500..,HH223,02/03/2025,08:40:45,PLAN DE RIO,PLAN DE RIO 8,1,$221.00,02/03/2025,12:00:00,36495726
IMDM27383500..,HH223,02/03/2025,08:03:29,LA ANTIGUA,LA ANTIGUA 01,1,$300.00,02/03/2025,12:00:00,36495726
IMDM27383500..,HH223,01/03/2025,22:34:49,PASO DEL TORO,PASO DEL TORO 7,5,$222.00,02/03/2025,12:00:00,36492636
IMDM27383500..,HH223,01/03/2025,20:58:11,COSAMALOAPAN,COSAMALOAPAN 3,5,$512.00,02/03/2025,12:00:00,36492636
IMDM27383500..,HH223,01/03/2025,19:36:54,ACAYUCAN (SAYULA),SAYULA 4,5,$495.00,02/03/2025,12:00:00,36492636
IMDM27383500..,HH223,01/03/2025,11:30:57,ACAYUCAN (SAYULA),ACAYUCAN 7,5,$495.00,01/03/2025,12:00:00,36488806
IMDM27383500..,HH223,01/03/2025,10:08:28,COSAMALOAPAN,COSAMALOAPAN 6,5,$512.00,01/03/2025,12:00:00,36488806
IMDM27383500..,HH223,01/03/2025,08:29:55,PASO DEL TORO,PASO DEL TORO 2,5,$222.00,01/03/2025,12:00:00,36488806
IMDM27383500..,HH223,01/03/2025,06:43:04,LA ANTIGUA,LA ANTIGUA 08,1,$300.00,01/03/2025,12:00:00,36488806
IMDM27383500..,HH223,01/03/2025,06:05:48,PLAN DE RIO,PLAN DEL RÍO 01,1,$221.00,01/03/2025,12:00:00,36488806
IMDM27383500..,HH223,01/03/2025,05:46:02,MIRADORES,MIRADORES 15,5,$472.00,01/03/2025,12:00:00,36488806
IMDM27383500..,HH223,01/03/2025,05:07:06,LAS VIGAS,LAS VIGAS 2,5,$330.00,01/03/2025,12:00:00,36488806
IMDM27383500..,HH223,01/03/2025,04:36:39,AMOZOC-PEROTE,T3-CANTONA,1,$382.00,01/03/2025,12:00:00,36488806
IMDM27383500..,HH223,01/03/2025,04:04:25,AMOZOC-PEROTE,T2-CUAPIAXTLA,1,$179.00,01/03/2025,12:00:00,36488806
IMDM27383500..,HH223,01/03/2025,02:52:41,SANCTORUM,SANCTURUM 1,5,$334.00,01/03/2025,12:00:00,36488806
IMDM27383500..,HH223,01/03/2025,01:38:52,ECATEPEC VIAPASS,Ecatepec-Piramides,1,$514.00,01/03/2025,12:00:00,36488806
IMDM27383500..,HH223,01/03/2025,01:38:08,CTO. EXT. MEXIQUENSE,A4 PACHUCA VÍA 532,1,$56.00,01/03/2025,12:00:00,36488806
IMDM27383500..,HH223,01/03/2025,01:29,CTO. EXT. MEXIQUENSE,TULTEPEC,1,$437.00,01/03/2025,12:00:00,36488806
IMDM27383500..,HH223,01/03/2025,01:17:33,CTO. EXT. MEXIQUENSE,T5 TULTITLAN,1,$160.00,01/03/2025,12:00:00,36488806
IMDM27383500..,HH223,26/01/2025,13:58:39,CTO. EXT. MEXIQUENSE,A33 VMI - A36 VMII,1,$37.00,29/01/2025,12:00:00,35978541
IMDM27383500..,HH223,26/01/2025,13:48:24,CTO. EXT. MEXIQUENSE,TULTEPEC,1,$248.00,26/01/2025,12:00:00,35952396
IMDM27383500..,HH223,26/01/2025,13:39:21,CTO. EXT. MEXIQUENSE,CONMEX,1,$177.00,26/01/2025,12:00:00,35952396
IMDM27383500..,HH223,26/01/2025,13:28:29,CTO. EXT. MEXIQUENSE,A21Y22 N C - T3 N C,1,$77.00,26/01/2025,12:00:00,35952396
IMDM27383500..,HH223,25/01/2025,12:47:36,CTO. EXT. MEXIQUENSE,A21Y22 N C - T3 N C,1,$77.00,26/01/2025,12:00:00,35952396
IMDM27383500..,HH223,25/01/2025,12:31:21,CTO. EXT. MEXIQUENSE,CONMEX,1,$177.00,25/01/2025,12:00:00,35945548
IMDM27383500..,HH223,25/01/2025,12:20:26,CTO. EXT. MEXIQUENSE,TULTEPEC,1,$248.00,25/01/2025,12:00:00,35945548
IMDM27383500..,HH223,25/01/2025,12:11:59,CTO. EXT. MEXIQUENSE,A33 VMI - A36 VMII,1,$37.00,25/01/2025,12:00:00,35945548
IMDM27383500..,HH223,25/01/2025,05:40:50,CTO. EXT. MEXIQUENSE,A33 VMI - A36 VMII,1,$37.00,28/01/2025,12:00:00,35968190
IMDM27383500..,HH223,25/01/2025,05:32:36,CTO. EXT. MEXIQUENSE,TULTEPEC,1,$248.00,25/01/2025,12:00:00,35945548
IMDM27383500..,HH223,25/01/2025,05:22:49,CTO. EXT. MEXIQUENSE,CONMEX,1,$177.00,25/01/2025,12:00:00,35945548
IMDM27383500..,HH223,25/01/2025,05:11:29,CTO. EXT. MEXIQUENSE,A21Y22 N C - T3 N C,1,$77.00,26/01/2025,12:00:00,35952396
IMDM27383500..,HH223,24/01/2025,14:53:05,CTO. EXT. MEXIQUENSE,A21Y22 N C - T3 N C,1,$77.00,25/01/2025,12:00:00,35941282
IMDM27383500..,HH223,24/01/2025,14:42:12,CTO. EXT. MEXIQUENSE,CONMEX,1,$177.00,25/01/2025,12:00:00,35941282
IMDM27383500..,HH223,24/01/2025,13:51:30,CTO. EXT. MEXIQUENSE,TULTEPEC,1,$248.00,24/01/2025,12:00:00,35936848
IMDM27383500..,HH223,24/01/2025,13:43:17,CTO. EXT. MEXIQUENSE,A33 VMI - A36 VMII,1,$37.00,24/01/2025,12:00:00,35936848
IMDM27383500..,HH223,24/01/2025,02:40:52,ATLACOMULCO-LIB QRO,APASEO GDE-PALMILLAS,5,$636.00,24/01/2025,12:00:00,35936848
IMDM27383500..,HH223,24/01/2025,01:19:31,CERRO GORDO,CERRO GORDO 25,5,$212.00,24/01/2025,12:00:00,35936848
IMDM27383500..,HH223,24/01/2025,01:07:43,MENDOZA,MENDOZA 9,5,$185.00,24/01/2025,12:00:00,35936848
IMDM27383500..,HH223,24/01/2025,00:17:12,LEON,LEON 1,5,$411.00,24/01/2025,12:00:00,35936848
IMDM27383500..,HH223,23/01/2025,20:25:54,TEPATITLAN,TEPATITLAN 7,5,$638.00,24/01/2025,12:00:00,35932353
IMDM27383500..,HH223,23/01/2025,19:55:59,LIB. SUR DE GUAD.,LIB. SUR DE GUAD. 3,5,$175.00,24/01/2025,12:00:00,35932353
IMDM27383500..,HH223,22/01/2025,14:21:38,LIB. SUR DE GUAD.,LIB. SUR DE GUAD. 8,5,$175.00,22/01/2025,12:00:00,35913473
IMDM27383500..,HH223,22/01/2025,13:50:50,TEPATITLAN,TEPATITLAN 3,5,$638.00,22/01/2025,12:00:00,35913473
IMDM27383500..,HH223,22/01/2025,12:10:44,LEON,LEON 6,5,$411.00,22/01/2025,12:00:00,35913473
IMDM27383500..,HH223,22/01/2025,11:47:42,PUERTO INTERIOR,PUERTO INTERIOR 11,5,$282.00,22/01/2025,12:00:00,35913473
IMDM27383500..,HH223,22/01/2025,10:27:46,APASEO EL GRANDE,PALMILLAS-APASEO GDE,5,$636.00,22/01/2025,12:00:00,35913473
IMDM27383500..,HH223,21/01/2025,00:03:35,AMOZOC-PEROTE,T2-CUAPIAXTLA,1,$82.00,25/02/2025,12:00:00,36423391
IMDM27383500..,HH223,20/01/2025,23:57:09,AMOZOC-PEROTE,T2-CUAPIAXTLA,1,$261.00,21/01/2025,12:00:00,35898023
IMDM27383500..,HH223,20/01/2025,23:20:33,AMOZOC-PEROTE,T3-CANTONA,1,$382.00,21/01/2025,12:00:00,35893533
IMDM27383500..,HH223,20/01/2025,22:52:18,LAS VIGAS,LAS VIGAS 7,5,$330.00,21/01/2025,12:00:00,35893533
IMDM27383500..,HH223,20/01/2025,22:07:27,MIRADORES,MIRADORES 10,5,$472.00,21/01/2025,12:00:00,35893533
IMDM27383500..,HH223,20/01/2025,19:22:41,LA ANTIGUA,LA ANTIGUA 02,1,$300.00,21/01/2025,12:00:00,35893533
IMDM27383500..,HH223,20/01/2025,18:51:44,PASO DEL TORO,PASO DEL TORO 8,5,$222.00,21/01/2025,12:00:00,35893533
IMDM27383500..,HH223,20/01/2025,17:13:40,COSAMALOAPAN,COSAMALOAPAN 2,5,$512.00,20/01/2025,12:00:00,35889296
IMDM27383500..,HH223,20/01/2025,14:33:47,ACAYUCAN (SAYULA),ACAYUCAN 3,5,$495.00,20/01/2025,12:00:00,35889296
IMDM27383500..,HH223,15/01/2025,21:20:49,ACAYUCAN (SAYULA),SAYULA 6,5,$495.00,16/01/2025,12:00:00,35846080
IMDM27383500..,HH223,15/01/2025,20:09:13,COSAMALOAPAN,COSAMALOAPAN 5,5,$512.00,16/01/2025,12:00:00,35846080
IMDM27383500..,HH223,15/01/2025,18:25:03,PASO DEL TORO,PASO DEL TORO 3,5,$222.00,16/01/2025,12:00:00,35846080
IMDM27383500..,HH223,15/01/2025,17:58:36,LA ANTIGUA,LA ANTIGUA 08,1,$431.00,16/01/2025,12:00:00,35846080
IMDM27383500..,HH223,15/01/2025,15:21:03,PLAN DE RIO,PLAN DEL RÍO 02,1,$221.00,15/01/2025,12:00:00,35839910
IMDM27383500..,HH223,15/01/2025,15:07:47,MIRADORES,MIRADORES 15,5,$472.00,15/01/2025,12:00:00,35839910
IMDM27383500..,HH223,15/01/2025,14:34:05,LAS VIGAS,LAS VIGAS 2,5,$330.00,15/01/2025,12:00:00,35839910
IMDM27383500..,HH223,15/01/2025,14:05:15,AMOZOC-PEROTE,T3-CANTONA,1,$382.00,15/01/2025,12:00:00,35839910
IMDM27383500..,HH223,15/01/2025,13:37:46,AMOZOC-PEROTE,T2-CUAPIAXTLA,1,$179.00,15/01/2025,12:00:00,35839910
IMDM27383500..,HH223,15/01/2025,12:36:30,SANCTORUM,SANCTURUM 1,5,$1086.00,15/01/2025,12:00:00,35839910
IMDM27383500..,HH223,15/01/2025,08:05:20,ATLACOMULCO-LIB QRO,APASEO GDE-PALMILLAS,5,$636.00,15/01/2025,12:00:00,35839910
